<?xml version="1.0" encoding="UTF-8"?>
<includes>
	<include name="View_51_LiveTVPanel">
		<control type="group">
			<visible>Control.IsVisible(51)</visible>
			<left>1270</left>
			<top>33</top>
			<control type="image">
				<left>0</left>
				<top>5</top>
				<width>26</width>
				<height>985</height>
				<texture background="true">default/panel_schatten_rechts.png</texture>
				<aspectratio>stretch</aspectratio>
				<colordiffuse>$VAR[ColorFontShadow]</colordiffuse>
			</control>
			<control type="label">
				<left>50</left>
				<top>390</top>
				<width>1550</width>
				<height>35</height>
				<font>primal_20_Title</font>
				<align>left</align>
				<aligny>center</aligny>
				<textcolor>$VAR[ColorFontNormal]</textcolor>
				<shadowcolor>$VAR[ColorFontShadow]</shadowcolor>
				<selectedcolor>$VAR[ColorFontSelected]</selectedcolor>
				<label>$INFO[ListItem.Label]</label>
			</control>
			<control type="label">
				<left>50</left>
				<top>420</top>
				<width>1550</width>
				<height>35</height>
				<font>primal_13</font>
				<align>left</align>
				<aligny>center</aligny>
				<textcolor>$VAR[ColorFontNormal]</textcolor>
				<shadowcolor>$VAR[ColorFontShadow]</shadowcolor>
				<selectedcolor>$VAR[ColorFontSelected]</selectedcolor>
				<label>$INFO[ListItem.Genre]</label>
			</control>
			<control type="textbox">
				<description>Plot Value for TVShow</description>
				<left>50</left>
				<top>480</top>
				<width>550</width>
				<height>300</height>
				<font>primal_16</font>
				<align>justify</align>
				<textcolor>white</textcolor>
				<shadowcolor>$VAR[ColorFontShadow]</shadowcolor>
				<pagecontrol>-</pagecontrol>
				<label>[COLOR $VAR[ColorFontNormal]]$INFO[ListItem.Plot][/COLOR]</label>
				<autoscroll time="2000" delay="15000" repeat="5000">!Skin.HasSetting(NoPlotScroll)</autoscroll>
			</control>
			<control type="image">
				<left>42</left>
				<top>0</top>
				<width>560</width>
				<height>385</height>
				<aspectratio align="left" aligny="top">keep</aspectratio>
				<bordertexture border="10">ThumbShadow.png</bordertexture>
				<bordersize>7</bordersize>
				<texture>$INFO[ListItem.Icon]</texture>
			</control>
			<control type="label">
				<include>Animation.ZoomIn</include>
				<description>Page Count Label</description>
				<left>80</left>
				<top>1000</top>
				<width>500</width>
				<height>20</height>
				<font>primal_20</font>
				<textcolor>$VAR[ColorFontNormal]</textcolor>
				<shadowcolor>$VAR[ColorFontShadow]</shadowcolor>
				<scroll>false</scroll>
				<aligny>center</aligny>
				<label>($INFO[Container(51).NumItems]) $LOCALIZE[19019] - $LOCALIZE[31024] ($INFO[Container(51).CurrentPage]/$INFO[Container(51).NumPages])</label>
			</control>
		</control>
		<control type="group">
			<include>Animation.ZoomIn</include>
			<description>TV Channels group</description>
			<visible>Control.IsVisible(51)</visible>
			<control type="panel" id="51">
				<left>75</left>
				<top>33</top>
				<width>1200</width>
				<height>990</height>
				<onleft>60</onleft>
				<onright>51</onright>
				<onup>51</onup>
				<ondown>51</ondown>
				<viewtype label="50359">list</viewtype>
				<pagecontrol>60</pagecontrol>
				<scrolltime tween="sine" easing="out">500</scrolltime>
				<itemlayout height="165" width="595">
					<control type="image">
						<left>0</left>
						<top>0</top>
						<width>600</width>
						<height>170</height>
						<texture background="true">skin/button_klein_tranz70.png</texture>
						<bordertexture border="10">ThumbShadow.png</bordertexture>
						<bordersize>7</bordersize>
						<colordiffuse>$VAR[BackColorFront]</colordiffuse>
					</control>
					<control type="label">
						<left>165</left>
						<top>20</top>
						<width>410</width>
						<height>35</height>
						<font>primal_16_Title</font>
						<align>left</align>
						<aligny>center</aligny>
						<textcolor>$VAR[ColorFontNormal]</textcolor>
						<shadowcolor>$VAR[ColorFontShadow]</shadowcolor>
						<selectedcolor>$VAR[ColorFontSelected]</selectedcolor>
						<label>$INFO[ListItem.ChannelNumberLabel]$INFO[ListItem.Label,  ]</label>
					</control>
					<control type="label">
						<left>165</left>
						<top>70</top>
						<width>410</width>
						<height>20</height>
						<font>primal_15</font>
						<textcolor>$VAR[ColorFontNormal]</textcolor>
						<shadowcolor>$VAR[ColorFontShadow]</shadowcolor>
						<selectedcolor>$VAR[ColorFontSelected]</selectedcolor>
						<align>left</align>
						<aligny>center</aligny>
						<label>$INFO[ListItem.StartTime] - $INFO[ListItem.EndTime] - $INFO[ListItem.Title]</label>
					</control>
					<control type="label">
						<left>165</left>
						<top>100</top>
						<width>410</width>
						<height>20</height>
						<font>primal_15</font>
						<textcolor>$VAR[ColorFontNormal]</textcolor>
						<shadowcolor>$VAR[ColorFontShadow]</shadowcolor>
						<selectedcolor>$VAR[ColorFontSelected]</selectedcolor>
						<align>left</align>
						<aligny>center</aligny>
						<label>$INFO[ListItem.NextStartTime] - $INFO[ListItem.NextEndTime] - $INFO[ListItem.NextTitle]</label>
					</control>
					<control type="progress" id="3230">
						<description>Progressbar</description>
						<left>165</left>
						<top>135</top>
						<width>410</width>
						<height>8</height>
						<visible>ListItem.HasEpg</visible>
						<info>ListItem.Progress</info>
						<visible>!ListItem.IsRecording</visible>
					</control>
					<control type="progress">
						<description>Progressbar</description>
						<left>165</left>
						<top>135</top>
						<width>410</width>
						<height>8</height>
						<info>ListItem.Progress</info>
					</control>
					<control type="image">
						<left>20</left>
						<top>20</top>
						<width>130</width>
						<height>130</height>
						<aspectratio>keep</aspectratio>
						<texture>$INFO[ListItem.Icon]</texture>
						<visible>!Skin.HasSetting(livetvicon)</visible>
					</control>
					<control type="image">
						<left>20</left>
						<top>20</top>
						<width>130</width>
						<height>130</height>
						<aspectratio>keep</aspectratio>
						<texture>$INFO[ListItem.Icon]</texture>
						<visible>Skin.HasSetting(livetvicon)</visible>
					</control>
					<control type="image">
						<left>20</left>
						<top>70</top>
						<width>30</width>
						<height>20</height>
						<texture>PVR-IsRecording.png</texture>
						<visible>ListItem.IsRecording</visible>
					</control>
				</itemlayout>
				<focusedlayout height="203" width="595">
					<control type="group">
						<control type="image">
							<left>0</left>
							<top>0</top>
							<width>600</width>
							<height>170</height>
							<texture background="true">skin/button_klein_tranz50.png</texture>
							<bordertexture border="10">ThumbShadow.png</bordertexture>
							<bordersize>7</bordersize>
							<colordiffuse>$VAR[BackColorButton]</colordiffuse>
						</control>
						<control type="label">
							<left>165</left>
							<top>20</top>
							<width>410</width>
							<height>35</height>
							<font>primal_16_Title</font>
							<align>left</align>
							<aligny>center</aligny>
							<textcolor>$VAR[ColorFontNormal]</textcolor>
							<shadowcolor>$VAR[ColorFontShadow]</shadowcolor>
							<selectedcolor>$VAR[ColorFontSelected]</selectedcolor>
							<label>$INFO[ListItem.ChannelNumberLabel]$INFO[ListItem.Label,  ]</label>
						</control>
						<control type="label">
							<left>165</left>
							<top>70</top>
							<width>410</width>
							<height>20</height>
							<font>primal_15</font>
							<textcolor>$VAR[ColorFontNormal]</textcolor>
							<shadowcolor>$VAR[ColorFontShadow]</shadowcolor>
							<selectedcolor>$VAR[ColorFontSelected]</selectedcolor>
							<align>left</align>
							<aligny>center</aligny>
							<label>$INFO[ListItem.StartTime] - $INFO[ListItem.EndTime] - $INFO[ListItem.Title]</label>
						</control>
						<control type="label">
							<left>165</left>
							<top>100</top>
							<width>410</width>
							<height>20</height>
							<font>primal_15</font>
							<textcolor>$VAR[ColorFontNormal]</textcolor>
							<shadowcolor>$VAR[ColorFontShadow]</shadowcolor>
							<selectedcolor>$VAR[ColorFontSelected]</selectedcolor>
							<align>left</align>
							<aligny>center</aligny>
							<label>$INFO[ListItem.NextStartTime] - $INFO[ListItem.NextEndTime] - $INFO[ListItem.NextTitle]</label>
						</control>
						<control type="progress">
							<description>Progressbar</description>
							<left>165</left>
							<top>135</top>
							<width>410</width>
							<height>8</height>
							<info>ListItem.Progress</info>
						</control>
						<control type="image">
							<left>20</left>
							<top>20</top>
							<width>130</width>
							<height>130</height>
							<aspectratio>keep</aspectratio>
							<texture>$INFO[ListItem.Icon]</texture>
							<visible>!Skin.HasSetting(livetvicon)</visible>
						</control>
						<control type="image">
							<left>20</left>
							<top>20</top>
							<width>130</width>
							<height>130</height>
							<aspectratio>keep</aspectratio>
							<texture>$INFO[ListItem.Icon]</texture>
							<visible>Skin.HasSetting(livetvicon)</visible>
						</control>
						<control type="image">
							<left>20</left>
							<top>70</top>
							<width>30</width>
							<height>20</height>
							<texture>PVR-IsRecording.png</texture>
							<visible>ListItem.IsRecording</visible>
						</control>
					</control>
				</focusedlayout>
			</control>
			<control type="scrollbar" id="60">
				<include>Animation.ZoomIn</include>
				<include>Animation.ZoomOut</include>
				<left>60</left>
				<top>40</top>
				<width>10</width>
				<height>980</height>
				<texturesliderbackground>button/ScrollBarV.png</texturesliderbackground>
				<texturesliderbar colordiffuse="$VAR[BackColorFront]">button/ScrollBarV_bar.png</texturesliderbar>
				<texturesliderbarfocus colordiffuse="$VAR[BackColorButton]">button/ScrollBarV_bar_focus.png</texturesliderbarfocus>
				<textureslidernib>button/ScrollBarNib.png</textureslidernib>
				<textureslidernibfocus>button/ScrollBarNib.png</textureslidernibfocus>
				<onleft>9020</onleft>
				<onright>51</onright>
				<showonepage>false</showonepage>
				<orientation>vertical</orientation>
				<visible>Control.IsVisible(51)</visible>
			</control>
		</control>
	</include>
	<include name="View_820_LiveTVList">
		<control type="group">
			<visible>Control.IsVisible(820)</visible>
			<include>Animation.ZoomIn</include>
			<left>0</left>
			<top>93</top>
			<control type="image">
				<left>75</left>
				<top>0</top>
				<width>1000</width>
				<height>945</height>
				<texture background="true">skin/button_klein_tranz50.png</texture>
				<bordertexture border="10">ThumbShadow.png</bordertexture>
				<bordersize>7</bordersize>
				<colordiffuse>$VAR[BackColorFront]</colordiffuse>
			</control>
			<control type="image">
				<left>1070</left>
				<top>5</top>
				<width>26</width>
				<height>937</height>
				<texture background="true">default/panel_schatten_rechts.png</texture>
				<aspectratio>stretch</aspectratio>
				<colordiffuse>$VAR[ColorFontShadow]</colordiffuse>
			</control>
			<control type="label">
				<left>1120</left>
				<top>100</top>
				<width>300</width>
				<height>35</height>
				<font>primal_20_Title</font>
				<align>left</align>
				<aligny>center</aligny>
				<textcolor>$VAR[ColorFontNormal]</textcolor>
				<shadowcolor>$VAR[ColorFontShadow]</shadowcolor>
				<selectedcolor>$VAR[ColorFontSelected]</selectedcolor>
				<label>$INFO[ListItem.Label]</label>
			</control>
			<control type="label">
				<left>1120</left>
				<top>135</top>
				<width>300</width>
				<height>35</height>
				<font>primal_13</font>
				<align>left</align>
				<aligny>center</aligny>
				<textcolor>$VAR[ColorFontNormal]</textcolor>
				<shadowcolor>$VAR[ColorFontShadow]</shadowcolor>
				<selectedcolor>$VAR[ColorFontSelected]</selectedcolor>
				<label>$INFO[ListItem.Genre]</label>
			</control>
			<control type="label">
				<left>1120</left>
				<top>165</top>
				<width>300</width>
				<height>35</height>
				<font>primal_13_Title</font>
				<align>left</align>
				<aligny>center</aligny>
				<textcolor>$VAR[ColorFontNormal]</textcolor>
				<shadowcolor>$VAR[ColorFontShadow]</shadowcolor>
				<selectedcolor>$VAR[ColorFontSelected]</selectedcolor>
				<label>$INFO[ListItem.Duration]</label>
			</control>
			<control type="progress">
				<description>Progressbar</description>
				<left>1120</left>
				<top>205</top>
				<width>300</width>
				<height>8</height>
				<lefttexture border="0" colordiffuse="$VAR[ColorFontSelected]">-</lefttexture>
				<midtexture border="0" colordiffuse="$VAR[ColorFontSelected]">progress/blank.png</midtexture>
				<righttexture border="0" colordiffuse="$VAR[ColorFontSelected]">-</righttexture>
				<info>ListItem.Progress</info>
			</control>
			<control type="textbox">
				<left>1120</left>
				<top>240</top>
				<width>750</width>
				<height>600</height>
				<font>primal_16</font>
				<align>justify</align>
				<textcolor>white</textcolor>
				<shadowcolor>$VAR[ColorFontShadow]</shadowcolor>
				<pagecontrol>-</pagecontrol>
				<label>[COLOR $VAR[ColorFontNormal]]$INFO[ListItem.Plot][/COLOR]</label>
				<autoscroll time="2000" delay="15000" repeat="5000">!Skin.HasSetting(NoPlotScroll)</autoscroll>
			</control>
			<control type="image">
				<left>1497</left>
				<top>0</top>
				<width>380</width>
				<height>250</height>
				<aspectratio align="left" aligny="top">keep</aspectratio>
				<texture>$INFO[ListItem.Icon]</texture>
			</control>
			<control type="label">
				<include>Animation.ZoomIn</include>
				<description>Page Count Label</description>
				<left>1150</left>
				<top>1020</top>
				<width>500</width>
				<height>20</height>
				<font>primal_20</font>
				<textcolor>$VAR[ColorFontNormal]</textcolor>
				<shadowcolor>$VAR[ColorFontShadow]</shadowcolor>
				<scroll>false</scroll>
				<aligny>center</aligny>
				<label>($INFO[Container(820).NumItems]) $LOCALIZE[19019] - $LOCALIZE[31024] ($INFO[Container(820).CurrentPage]/$INFO[Container(820).NumPages])</label>
			</control>
		</control>
		<control type="group">
			<include>Animation.ZoomIn</include>
			<description>TV Channels group</description>
			<visible>Control.IsVisible(820)</visible>
			<control type="list" id="820">
				<left>75</left>
				<top>100</top>
				<width>1000</width>
				<height>915</height>
				<onleft>821</onleft>
				<onright>NextChannelGroup</onright>
				<onup>820</onup>
				<ondown>820</ondown>
				<viewtype label="535">list</viewtype>
				<pagecontrol>821</pagecontrol>
				<scrolltime tween="sine" easing="out">500</scrolltime>
				<itemlayout height="138" width="595">
					<control type="image">
						<left>5</left>
						<top>0</top>
						<width>990</width>
						<height>1</height>
						<texture background="true">default/separator.png</texture>
					</control>
					<control type="label">
						<left>110</left>
						<top>20</top>
						<width>80</width>
						<height>35</height>
						<font>primal_16_Title</font>
						<align>right</align>
						<aligny>center</aligny>
						<textcolor>$VAR[ColorFontNormal]</textcolor>
						<shadowcolor>$VAR[ColorFontShadow]</shadowcolor>
						<selectedcolor>$VAR[ColorFontSelected]</selectedcolor>
						<label>$INFO[ListItem.ChannelNumberLabel]</label>
					</control>
					<control type="label">
						<left>205</left>
						<top>20</top>
						<width>800</width>
						<height>35</height>
						<font>primal_16_Title</font>
						<align>left</align>
						<aligny>center</aligny>
						<textcolor>$VAR[ColorFontNormal]</textcolor>
						<shadowcolor>$VAR[ColorFontShadow]</shadowcolor>
						<selectedcolor>$VAR[ColorFontSelected]</selectedcolor>
						<label>$INFO[ListItem.Title]</label>
					</control>
					<control type="label">
						<left>170</left>
						<top>20</top>
						<width>800</width>
						<height>35</height>
						<font>primal_16_Title</font>
						<align>right</align>
						<aligny>center</aligny>
						<textcolor>$VAR[ColorFontNormal]</textcolor>
						<shadowcolor>$VAR[ColorFontShadow]</shadowcolor>
						<selectedcolor>$VAR[ColorFontSelected]</selectedcolor>
						<label>$INFO[ListItem.StartTime]$INFO[ListItem.EndTime, - ]</label>
					</control>
					<control type="label">
						<left>170</left>
						<top>50</top>
						<width>800</width>
						<height>35</height>
						<font>primal_13</font>
						<align>right</align>
						<aligny>center</aligny>
						<textcolor>$VAR[ColorFontNormal]</textcolor>
						<shadowcolor>$VAR[ColorFontShadow]</shadowcolor>
						<selectedcolor>$VAR[ColorFontSelected]</selectedcolor>
						<label>$INFO[ListItem.ChannelName]</label>
					</control>
					<control type="label">
						<left>205</left>
						<top>70</top>
						<width>800</width>
						<height>20</height>
						<font>primal_15</font>
						<textcolor>$VAR[ColorFontNormal]</textcolor>
						<shadowcolor>$VAR[ColorFontShadow]</shadowcolor>
						<selectedcolor>$VAR[ColorFontSelected]</selectedcolor>
						<align>left</align>
						<aligny>center</aligny>
						<label>$LOCALIZE[50013]: $INFO[ListItem.NextStartTime]$INFO[ListItem.NextEndTime, - ]$INFO[ListItem.NextTitle,  ]</label>
					</control>
					<control type="progress" id="3230">
						<description>Progressbar</description>
						<left>205</left>
						<top>105</top>
						<width>775</width>
						<height>8</height>
						<visible>ListItem.HasEpg</visible>
						<info>ListItem.Progress</info>
						<visible>!ListItem.IsRecording</visible>
					</control>
					<control type="progress">
						<description>Progressbar</description>
						<left>205</left>
						<top>105</top>
						<width>775</width>
						<height>8</height>
						<info>ListItem.Progress</info>
					</control>
					<control type="image">
						<left>10</left>
						<top>0</top>
						<width>140</width>
						<height>140</height>
						<aspectratio>keep</aspectratio>
						<texture>$INFO[ListItem.Icon]</texture>
						<bordertexture border="10">ThumbShadow.png</bordertexture>
						<bordersize>7</bordersize>
						<visible>!Skin.HasSetting(livetvicon)</visible>
					</control>
					<control type="image">
						<left>20</left>
						<top>10</top>
						<width>120</width>
						<height>120</height>
						<aspectratio>keep</aspectratio>
						<texture>$INFO[ListItem.Icon]</texture>
						<visible>Skin.HasSetting(livetvicon)</visible>
					</control>
					<control type="image">
						<left>20</left>
						<top>70</top>
						<width>30</width>
						<height>20</height>
						<texture>PVR-IsRecording.png</texture>
						<visible>ListItem.IsRecording</visible>
					</control>
				</itemlayout>
				<focusedlayout height="138" width="595">
					<control type="group">
						<control type="image">
							<left>7</left>
							<top>0</top>
							<width>986</width>
							<height>139</height>
							<texture background="true">skin/button_klein_tranz50.png</texture>
							<colordiffuse>$VAR[BackColorButton]</colordiffuse>
						</control>
						<control type="label">
							<left>110</left>
							<top>20</top>
							<width>80</width>
							<height>35</height>
							<font>primal_16_Title</font>
							<align>right</align>
							<aligny>center</aligny>
							<textcolor>$VAR[ColorFontNormal]</textcolor>
							<shadowcolor>$VAR[ColorFontShadow]</shadowcolor>
							<selectedcolor>$VAR[ColorFontSelected]</selectedcolor>
							<label>$INFO[ListItem.ChannelNumberLabel]</label>
						</control>
						<control type="label">
							<left>205</left>
							<top>20</top>
							<width>810</width>
							<height>35</height>
							<font>primal_16_Title</font>
							<align>left</align>
							<aligny>center</aligny>
							<textcolor>$VAR[ColorFontNormal]</textcolor>
							<shadowcolor>$VAR[ColorFontShadow]</shadowcolor>
							<selectedcolor>$VAR[ColorFontSelected]</selectedcolor>
							<label>$INFO[ListItem.Title]</label>
						</control>
						<control type="label">
							<left>170</left>
							<top>20</top>
							<width>800</width>
							<height>35</height>
							<font>primal_16_Title</font>
							<align>right</align>
							<aligny>center</aligny>
							<textcolor>$VAR[ColorFontNormal]</textcolor>
							<shadowcolor>$VAR[ColorFontShadow]</shadowcolor>
							<selectedcolor>$VAR[ColorFontSelected]</selectedcolor>
							<label>$INFO[ListItem.StartTime]$INFO[ListItem.EndTime, - ]</label>
						</control>
						<control type="label">
							<left>170</left>
							<top>50</top>
							<width>800</width>
							<height>35</height>
							<font>primal_13</font>
							<align>right</align>
							<aligny>center</aligny>
							<textcolor>$VAR[ColorFontNormal]</textcolor>
							<shadowcolor>$VAR[ColorFontShadow]</shadowcolor>
							<selectedcolor>$VAR[ColorFontSelected]</selectedcolor>
							<label>$INFO[ListItem.ChannelName]</label>
						</control>
						<control type="label">
							<left>205</left>
							<top>70</top>
							<width>800</width>
							<height>20</height>
							<font>primal_15</font>
							<textcolor>$VAR[ColorFontNormal]</textcolor>
							<shadowcolor>$VAR[ColorFontShadow]</shadowcolor>
							<selectedcolor>$VAR[ColorFontSelected]</selectedcolor>
							<align>left</align>
							<aligny>center</aligny>
							<label>$LOCALIZE[50013]: $INFO[ListItem.NextStartTime]$INFO[ListItem.NextEndTime, - ]$INFO[ListItem.NextTitle,  ]</label>
						</control>
						<control type="progress">
							<description>Progressbar</description>
							<left>205</left>
							<top>105</top>
							<width>775</width>
							<height>8</height>
							<lefttexture border="0" colordiffuse="$VAR[ColorFontNormal]">-</lefttexture>
							<midtexture border="0" colordiffuse="$VAR[ColorFontNormal]">progress/blank.png</midtexture>
							<righttexture border="0" colordiffuse="$VAR[ColorFontNormal]">-</righttexture>
							<info>ListItem.Progress</info>
						</control>
						<control type="image">
							<left>10</left>
							<top>0</top>
							<width>140</width>
							<height>140</height>
							<aspectratio>keep</aspectratio>
							<texture>$INFO[ListItem.Icon]</texture>
							<bordertexture border="10">ThumbShadow.png</bordertexture>
							<bordersize>7</bordersize>
							<visible>!Skin.HasSetting(livetvicon)</visible>
						</control>
						<control type="image">
							<left>20</left>
							<top>10</top>
							<width>120</width>
							<height>120</height>
							<aspectratio>keep</aspectratio>
							<texture>$INFO[ListItem.Icon]</texture>
							<visible>Skin.HasSetting(livetvicon)</visible>
						</control>
						<control type="image">
							<left>20</left>
							<top>70</top>
							<width>30</width>
							<height>20</height>
							<texture>PVR-IsRecording.png</texture>
							<visible>ListItem.IsRecording</visible>
						</control>
					</control>
				</focusedlayout>
			</control>
			<control type="scrollbar" id="821">
				<include>Animation.ZoomIn</include>
				<include>Animation.ZoomOut</include>
				<left>55</left>
				<top>100</top>
				<width>5</width>
				<height>930</height>
				<texturesliderbackground>progress/bg.png</texturesliderbackground>
				<texturesliderbar colordiffuse="$VAR[BackColorFront]">progress/blank.png</texturesliderbar>
				<texturesliderbarfocus colordiffuse="$VAR[BackColorButton]">progress/blank.png</texturesliderbarfocus>
				<textureslidernib>button/ScrollBarNib.png</textureslidernib>
				<textureslidernibfocus>button/ScrollBarNib.png</textureslidernibfocus>
				<onleft>9020</onleft>
				<onright>820</onright>
				<showonepage>false</showonepage>
				<orientation>vertical</orientation>
				<visible>Control.IsVisible(820) + !Skin.HasSetting(viewnoscrollbar)</visible>
			</control>
		</control>
	</include>
</includes>