<?xml version="1.0" encoding="UTF-8"?>
<includes>

	<!-- active view mode : 55(파일모드),903(Plex view),901(에피소드 view),900(빅포스터),611(스몰포스터) -->
	<!-- 비디오 애드온은 myvideonave로 들어가기 때문에 기본적으로 viewvideo에 include 시켜줘야함 -->


	<include name="ViewidTMDB">
		<views>7001</views>
	</include>
	<include name="ViewsTMDB">
		<control type="group" id="777">
			<visible>!Window.IsVisible(selectdialog)</visible>
			<!-- <include>View_903_Plex_View</include> -->
			<!-- <include>View_55_FileMode</include> -->
			<include>View_7000_POSTER_TMDB</include>
		</control>
	</include>


	<include name="ViewidVideo">
		<views>55,88,903,900,901,902,1000</views>
	</include>
	<include name="ViewsVideo">
		<control type="group" id="777">
			<visible>!Window.IsVisible(selectdialog)</visible>
			<include>View_55_FileMode</include>
			<include>View_903_Plex_View</include>
			<include>View_900_POSTER</include>
			<include>View_902_POSTER</include>
			<include>View_901_Ep_View</include>
			<include>View_88_FileModeforvideoaddon</include>
			<include>View_1000_VideoAddon</include>
		</control>
	</include>
	<include name="ViewidAudio">
		<views>66</views>
	</include>
	<include name="ViewsAudio">
		<control type="group" id="777">
			<visible>!Window.IsVisible(selectdialog)</visible>
			<include>View_66_FileModeforMusic</include>
			<!-- <include>View_9814_Muisc_View</include> -->
		</control>
	</include>
	<include name="ViewidPictures">
		<views>77,580</views>
	</include>
	<include name="ViewsPictures">
		<control type="group" id="777">
			<visible>!Window.IsVisible(selectdialog)</visible>
			<include>View_77_FileModeforPicture</include>
			<include>View_580_PictureWall</include>
		</control>
	</include>
	<include name="ViewidAddons">
		<views>55,77,901</views>
	</include>
	<include name="ViewsAddons">
		<control type="group" id="777">
			<visible>!Window.IsVisible(selectdialog)</visible>
			<include>View_55_FileMode</include>
			<include>View_77_FileMode</include>
			<!-- <include>View_903_Plex_View</include> -->
			<include>View_901_Ep_View</include>
		</control>
	</include>
	<include name="ViewsidPVR">
		<views>51,820</views>
	</include>
	<include name="ViewsPVR">
		<control type="group" id="777">
			<include>View_51_LiveTVPanel</include>
			<include>View_820_LiveTVList</include>
		</control>
	</include>
	<include name="ViewsidGuide">
		<views>10,11,12,13</views>
	</include>
	<include name="ViewsGuide">
		<control type="group" id="777">
			<include>PVRGuideViewTimeline</include>
			<include>PVRGuideViewNow</include>
			<include>PVRGuideViewNext</include>
			<include>PVRGuideViewChannel</include>
		</control>
	</include>
	<include name="ViewsidRecordings">
		<views>50</views>
	</include>
	<include name="ViewsidSearch">
		<views>50</views>
	</include>
	<include name="ViewsidTimers">
		<views>50</views>
	</include>
	<include name="ViewsidPlaylist">
		<views>55</views>
	</include>
	<include name="ViewsPlaylist">
		<control type="group" id="777">
			<visible>!Window.IsVisible(selectdialog)</visible>
			<include>View_55_FileMode</include>


		</control>
	</include>
	<include name="ViewTypeList">
		<control type="group">
			<animation effect="slide" start="0,0" end="480,0" time="400" tween="quadratic" easing="out" condition="ControlGroup(9030).HasFocus">Conditional</animation>
			<animation effect="slide" start="0,0" end="-570,0" time="400" tween="quadratic" easing="out" condition="ControlGroup(9030).HasFocus">WindowClose</animation>
			<control type="image">
				<left>-495</left>
				<top>0</top>
				<width>420</width>
				<height>1080</height>
				<texture background="true">skin/button_klein.png</texture>
				<bordertexture border="10">ThumbShadow2.png</bordertexture>
				<bordersize>7</bordersize>
				<colordiffuse>$VAR[ColorButtonDialogeBack]</colordiffuse>
				<aspectratio>stretch</aspectratio>
			</control>
			<control type="grouplist" id="9030">
				<left>-479</left>
				<top>120</top>
				<width>410</width>
				<height>800</height>
				<onleft>9020</onleft>
				<onright>777</onright>
				<onup>9030</onup>
				<ondown>9030</ondown>
				<onback>777</onback>
				<itemgap>2</itemgap>
				<scrolltime tween="sine" easing="out">200</scrolltime>

				<control type="button" id="810">
					<description>View,55,LIST</description>
					<height>60</height>
					<width>398</width>
					<label>KM LIST</label>
					<onclick>Container.SetViewMode(55)</onclick>
				</control>
				<control type="button" id="811">
					<description>View,903, Plex View</description>
					<height>60</height>
					<width>398</width>
					<label>KM VIEW</label>
					<onclick>Container.SetViewMode(903)</onclick>
					<visible>![Container.Content(seasons) | Container.Content(episodes)]</visible>
					<visible>Container.Content(Movies)|Container.Content(Sets)| Container.Content(TVShows) | Container.Content(Seasons) + ![System.HasAddon(plugin.video.tvingm) | System.HasAddon(plugin.video.netflix) | System.HasAddon(plugin.video.wavvem) | System.HasAddon(plugin.video.watcham) | System.HasAddon(plugin.video.youtube) | System.HasAddon(plugin.video.spotvm) | System.HasAddon(plugin.video.samsungtvm) |System.HasAddon(plugin.video.kakaotvm) | System.HasAddon(plugin.video.coupangm) | System.HasAddon(plugin.video.nsportsm)]</visible>
					<visible></visible>
				</control>

				<control type="button" id="812">
					<description>View,900, POSTER</description>
					<height>60</height>
					<width>398</width>
					<label>KM POSTER L</label>
					<onclick>Container.SetViewMode(900)</onclick>
					<visible>Container.Content(Movies)| Container.Content(TVShows) | Container.Content(Seasons) |System.HasAddon(plugin.video.tvingm) | System.HasAddon(plugin.video.netflix) | System.HasAddon(plugin.video.wavvem) | System.HasAddon(plugin.video.watcham) | System.HasAddon(plugin.video.youtube) | System.HasAddon(plugin.video.spotvm) System.HasAddon(plugin.video.youtube) | System.HasAddon(plugin.video.spotvm) | System.HasAddon(plugin.video.samsungtvm) |System.HasAddon(plugin.video.kakaotvm) | System.HasAddon(plugin.video.coupangm) | System.HasAddon(plugin.video.nsportsm)</visible>
					<visible>![Container.Content(songs) | Container.Content(artists) | Container.Content(albums) | Window.IsVisible(Pictures)]</visible>
					<visible>!Container.Content(Episodes)</visible>

				</control>
				<control type="button" id="813">
					<description>View,900, POSTER</description>
					<height>60</height>
					<width>398</width>
					<label>KM POSTER S</label>
					<onclick>Container.SetViewMode(902)</onclick>
					<visible>Container.Content(Movies)| Container.Content(TVShows) | Container.Content(Seasons) |System.HasAddon(plugin.video.tvingm) | System.HasAddon(plugin.video.netflix) | System.HasAddon(plugin.video.wavvem) | System.HasAddon(plugin.video.watcham) | System.HasAddon(plugin.video.youtube) | System.HasAddon(plugin.video.spotvm) System.HasAddon(plugin.video.youtube) | System.HasAddon(plugin.video.spotvm) | System.HasAddon(plugin.video.samsungtvm) |System.HasAddon(plugin.video.kakaotvm) | System.HasAddon(plugin.video.coupangm) | System.HasAddon(plugin.video.nsportsm)</visible>
					<visible>![Container.Content(songs) | Container.Content(artists) | Container.Content(albums) | Window.IsVisible(Pictures)]</visible>
					<visible>!Container.Content(Episodes)</visible>

				</control>
				<control type="button" id="814">
					<description>View,901</description>
					<height>60</height>
					<width>398</width>
					<label>KM EPISODE</label>
					<onclick>Container.SetViewMode(901)</onclick>
					<visible>Container.Content(Episodes)</visible>
				</control>

				<control type="button" id="815">
					<description>KM OTT LIST</description>
					<height>60</height>
					<width>398</width>
					<label>KM OTT LIST</label>
					<onclick>Container.SetViewMode(1000)</onclick>
					<visible>![Container.Content(Movies) | Container.Content(TVShows) | Container.Content(Seasons) | Container.Content(Episodes) | Container.Content(Sets)]+ [System.HasAddon(plugin.video.tvingm) | System.HasAddon(plugin.video.netflix) | System.HasAddon(plugin.video.wavvem) | System.HasAddon(plugin.video.watcham) | System.HasAddon(plugin.video.youtube) | System.HasAddon(plugin.video.spotvm) | System.HasAddon(plugin.video.samsungtvm) |System.HasAddon(plugin.video.kakaotvm) | System.HasAddon(plugin.video.coupangm) | System.HasAddon(plugin.video.nsportsm)] </visible>
				</control>


				<!-- <control type="button" id="815">
					<description>View,611</description>
					<height>60</height>
					<width>398</width>
					<label>SMALL POSTER</label>
					<onclick>Container.SetViewMode(611)</onclick>
					<visible>Container.Content(Movies)| Container.Content(TVShows) | Container.Content(Seasons) |System.HasAddon(plugin.video.tvingm) | System.HasAddon(plugin.video.netflix) | System.HasAddon(plugin.video.wavvem) | System.HasAddon(plugin.video.watcham) | System.HasAddon(plugin.video.youtube) | System.HasAddon(plugin.video.spotvm) </visible>
					<visible>![Container.Content(songs) | Container.Content(artists) | Container.Content(albums)|Window.IsVisible(Pictures)]</visible>
					<visible>!Container.Content(Episodes)</visible>
				</control> -->

				<!-- OTT 인포월 추가 -->
				<!-- <control type="button" id="816">
					<height>60</height>
					<width>398</width>
					<label>MUSIC ALBUM VIEW123</label>
					<onclick>Container.SetViewMode(9814)</onclick>
					<visible>Container.Content(artists) | Container.Content(albums)</visible>
				</control> -->

				<!-- ================= PICTURES ==================== -->
				<control type="button" id="821">
					<description>View</description>
					<height>60</height>
					<width>398</width>
					<label>PICTURE VIEW</label>
					<onclick>Container.SetViewMode(580)</onclick>
					<!--<onclick>Action(down)</onclick>-->
					<visible>Window.IsVisible(Pictures)</visible>
					<visible>!Container.Content(Addons)</visible>
				</control>
			</control>
		</control>
	</include>
	<include name="ViewTypeOption">
		<control type="group">
			<animation effect="slide" start="0,0" end="480,0" time="400" tween="quadratic" easing="out" condition="ControlGroup(9031).HasFocus">Conditional</animation>
			<animation effect="slide" start="0,0" end="-570,0" time="400" tween="quadratic" easing="out" condition="ControlGroup(9031).HasFocus">WindowClose</animation>
			<control type="image">
				<left>-495</left>
				<top>0</top>
				<width>420</width>
				<height>1080</height>
				<texture background="true">skin/button_klein.png</texture>
				<bordertexture border="10">ThumbShadow2.png</bordertexture>
				<bordersize>7</bordersize>
				<colordiffuse>$VAR[ColorButtonDialogeBack]</colordiffuse>
				<aspectratio>stretch</aspectratio>
			</control>
			<control type="grouplist" id="9031">
				<left>-479</left>
				<top>120</top>
				<width>410</width>
				<height>800</height>
				<onleft>9020</onleft>
				<onright>9020</onright>
				<onup>9031</onup>
				<ondown>9031</ondown>
				<onback>9020</onback>
				<itemgap>2</itemgap>
				<scrolltime tween="sine" easing="out">200</scrolltime>
				<control type="radiobutton" id="7323">
					<label>$LOCALIZE[50240]</label>
					<height>60</height>
					<width>398</width>
					<onclick>Skin.ToggleSetting(banner598)</onclick>
					<selected>Skin.HasSetting(banner598)</selected>
					<visible>Control.IsVisible(598)</visible>
				</control>
				<control type="radiobutton" id="7324">
					<label>$LOCALIZE[50240]</label>
					<height>60</height>
					<width>398</width>
					<onclick>Skin.ToggleSetting(banner603)</onclick>
					<selected>Skin.HasSetting(banner603)</selected>
					<visible>Control.IsVisible(603)</visible>
				</control>
				<control type="radiobutton" id="7325">
					<label>$LOCALIZE[50240]</label>
					<height>60</height>
					<width>398</width>
					<onclick>Skin.ToggleSetting(banner604)</onclick>
					<selected>Skin.HasSetting(banner604)</selected>
					<visible>Control.IsVisible(604)</visible>
				</control>
				<control type="radiobutton" id="7326">
					<label>$LOCALIZE[50224]</label>
					<height>60</height>
					<width>398</width>
					<onclick>Skin.ToggleSetting(noinfo611)</onclick>
					<onclick>ReloadSkin()</onclick>
					<selected>Skin.HasSetting(noinfo611)</selected>
					<visible>Control.IsVisible(611)</visible>
				</control>
				<control type="radiobutton" id="7327">
					<label>$LOCALIZE[50224]</label>
					<height>60</height>
					<width>398</width>
					<onclick>Skin.ToggleSetting(noinfo900)</onclick>
					<onclick>ReloadSkin()</onclick>
					<selected>Skin.HasSetting(noinfo900)</selected>
					<visible>Control.IsVisible(900)</visible>
				</control>
				<control type="radiobutton" id="7328">
					<label>$LOCALIZE[50224]</label>
					<height>60</height>
					<width>398</width>
					<onclick>Skin.ToggleSetting(noinfo901)</onclick>
					<onclick>ReloadSkin()</onclick>
					<selected>Skin.HasSetting(noinfo901)</selected>
					<visible>Control.IsVisible(901)</visible>
				</control>
			</control>
		</control>
	</include>
</includes>