﻿<?xml version="1.0" encoding="UTF-8"?>
<window type="dialog" id="2000">
	<defaultcontrol always="true">3</defaultcontrol>
	<coordinates>
		<system>1</system>
		<left>230</left>
		<top>150</top>
	</coordinates>
	<include>dialogeffect</include>
	<controls>
		<control type="image">
			<description>background image</description>
			<left>-230</left>
			<top>-150</top>
			<width>1920</width>
			<height>1080</height>
			<texture background="true">background.png</texture>
		</control>
		<control type="image">
			<description>background image</description>
			<left>15</left>
			<top>0</top>
			<width>1450</width>
			<height>765</height>
			<texture background="true">skin/button_klein.png</texture>
			<bordertexture border="10">ThumbShadow.png</bordertexture>
			<bordersize>7</bordersize>
			<colordiffuse>$VAR[ColorButtonDialogeBack]</colordiffuse>
		</control>
		<control type="button">
			<description>Close Window button</description>
			<left>1433</left>
			<top>-15</top>
			<width>48</width>
			<height>48</height>
			<label></label>
			<font></font>
			<onclick>PreviousMenu</onclick>
			<texturefocus>special://skin/backgrounds/icon/km_close_sel.png</texturefocus>
			
			<texturenofocus>special://skin/backgrounds/icon/km_close.png</texturenofocus>
			<onleft>2</onleft>
			<onright>2</onright>
			<onup>2</onup>
			<ondown>2</ondown>
			<visible>!Skin.HasSetting(tablet_modus)</visible>
		</control>
		<control type="label" id="1">
			<description>header label</description>
			<left>100</left>
			<top>40</top>
			<width>855</width>
			<height>45</height>
			<font>primal_26</font>
			<label>$LOCALIZE[13406]</label>
			<align>center</align>
			<aligny>center</aligny>
			<textcolor>$VAR[ColorFontSelected]</textcolor>
			<shadowcolor>$VAR[ColorFontShadow]</shadowcolor>
		</control>
		<control type="label" id="4">
			<description>No Settings Label</description>
			<left>20</left>
			<top>140</top>
			<width>550</width>
			<align>center</align>
			<font>primal_18</font>
		</control>
		<control type="list" id="3">
			<left>130</left>
			<top>120</top>
			<width>800</width>
			<height>550</height>
			<onup>3</onup>
			<ondown>3</ondown>
			<onleft>90</onleft>
			<onright>61</onright>
			<pagecontrol>61</pagecontrol>
			<scrolltime tween="Sine" easing="out">500</scrolltime>
			<animation effect="slide" start="0,0" end="15,0" time="0" condition="!Control.IsVisible(61)">Conditional</animation>
			<itemlayout height="75" width="855">
				<control type="image">
					<left>0</left>
					<top>0</top>
					<width>800</width>
					<height>70</height>
					<texture background="true">skin/button_klein.png</texture>
					<colordiffuse>$VAR[BackColorFront]</colordiffuse>
				</control>
				<control type="label">
					<left>20</left>
					<top>0</top>
					<width>745</width>
					<height>75</height>
					<font>primal_22</font>
					<textcolor>$VAR[ColorFontNormal]</textcolor>
					<shadowcolor>$VAR[ColorFontShadow]</shadowcolor>
					<selectedcolor>$VAR[ColorFontSelected]</selectedcolor>
					<align>left</align>
					<aligny>center</aligny>
					<label>$INFO[ListItem.Label]</label>
				</control>
			</itemlayout>
			<focusedlayout height="75" width="855">
				<control type="image">
					<left>0</left>
					<top>0</top>
					<width>800</width>
					<height>70</height>
					<texture background="true">skin/button_klein.png</texture>
					<colordiffuse>$VAR[BackColorButton]</colordiffuse>
				</control>
				<control type="label">
					<left>20</left>
					<top>0</top>
					<width>745</width>
					<height>75</height>
					<font>primal_22</font>
					<textcolor>$VAR[ColorFontNormal]</textcolor>
					<shadowcolor>$VAR[ColorFontShadow]</shadowcolor>
					<selectedcolor>$VAR[ColorFontSelected]</selectedcolor>
					<align>left</align>
					<aligny>center</aligny>
					<label>$INFO[ListItem.Label]</label>
				</control>
			</focusedlayout>
		</control>
		<control type="list" id="6">
			<left>110</left>
			<top>100</top>
			<width>880</width>
			<height>550</height>
			<onup>6</onup>
			<ondown>6</ondown>
			<onleft>5</onleft>
			<onright>61</onright>
			<pagecontrol>61</pagecontrol>
			<scrolltime>200</scrolltime>
			<animation effect="slide" start="0,0" end="15,0" time="0" condition="!Control.IsVisible(61)">Conditional</animation>
			<itemlayout height="120" width="825">
				<control type="image">
					<left>0</left>
					<top>0</top>
					<width>870</width>
					<height>115</height>
					<texture background="true">skin/button_klein.png</texture>
					<colordiffuse>$VAR[BackColorFront]</colordiffuse>
				</control>
				<control type="image">
					<left>10</left>
					<top>8</top>
					<width>100</width>
					<height>100</height>
					<texture>$INFO[Listitem.Icon]</texture>
					<aspectratio>keep</aspectratio>
				</control>
				<control type="label">
					<left>155</left>
					<top>10</top>
					<width>615</width>
					<height>45</height>
					<font>primal_20</font>
					<textcolor>$VAR[ColorFontNormal]</textcolor>
					<shadowcolor>$VAR[ColorFontShadow]</shadowcolor>
					<selectedcolor>$VAR[ColorFontSelected]</selectedcolor>
					<align>left</align>
					<aligny>center</aligny>
					<label>[B]$INFO[ListItem.Label][/B]</label>
				</control>
				<control type="textbox">
					<left>155</left>
					<top>55</top>
					<width>615</width>
					<height>75</height>
					<font>primal_16</font>
					<textcolor>grey</textcolor>
					<selectedcolor>blue</selectedcolor>
					<align>left</align>
					<label>$INFO[ListItem.Label2]</label>
				</control>
			</itemlayout>
			<focusedlayout height="120" width="825">
				<control type="image">
					<left>0</left>
					<top>0</top>
					<width>870</width>
					<height>115</height>
					<texture background="true">skin/button_klein.png</texture>
					<colordiffuse>$VAR[BackColorButton]</colordiffuse>
				</control>
				<control type="image">
					<left>10</left>
					<top>8</top>
					<width>100</width>
					<height>100</height>
					<aspectratio>keep</aspectratio>
					<texture>$INFO[Listitem.Icon]</texture>
				</control>
				<control type="label">
					<left>155</left>
					<top>10</top>
					<width>615</width>
					<height>45</height>
					<font>primal_20</font>
					<textcolor>$VAR[ColorFontNormal]</textcolor>
					<shadowcolor>$VAR[ColorFontShadow]</shadowcolor>
					<selectedcolor>$VAR[ColorFontSelected]</selectedcolor>
					<align>left</align>
					<aligny>center</aligny>
					<label>[B]$INFO[ListItem.Label][/B]</label>
				</control>
				<control type="textbox">
					<left>155</left>
					<top>55</top>
					<width>615</width>
					<height>75</height>
					<font>primal_16</font>
					<textcolor>$VAR[ColorFontNormal]</textcolor>
					<shadowcolor>$VAR[ColorFontShadow]</shadowcolor>
					<selectedcolor>$VAR[ColorFontSelected]</selectedcolor>
					<align>left</align>
					<label>$INFO[ListItem.Label2]</label>
				</control>
			</focusedlayout>
		</control>
		<control type="scrollbar" id="61">
			<left>70</left>
			<top>120</top>
			<width>15</width>
			<height>520</height>
			<texturesliderbackground>button/ScrollBarV.png</texturesliderbackground>
			<texturesliderbar colordiffuse="$VAR[BackColorFront]">button/ScrollBarV_bar.png</texturesliderbar>
			<texturesliderbarfocus colordiffuse="$VAR[BackColorButton]">button/ScrollBarV_bar_focus.png</texturesliderbarfocus>
			<textureslidernib>button/ScrollBarNib.png</textureslidernib>
			<textureslidernibfocus>button/ScrollBarNib.png</textureslidernibfocus>
			<onleft>3</onleft>
			<onright>3</onright>
			<ondown>61</ondown>
			<onup>61</onup>
			<showonepage>true</showonepage>
			<orientation>vertical</orientation>
		</control>
		<control type="image">
			<left>1050</left>
			<top>80</top>
			<width>375</width>
			<height>375</height>
			<aspectratio>keep</aspectratio>
			<texture background="true">$INFO[Container(6).Listitem.Icon]</texture>
			<visible>Control.IsVisible(6)</visible>
		</control>
		<control type="label">
			<description>number of files/pages in list text label</description>
			<left>970</left>
			<top>680</top>
			<width>450</width>
			<height>52</height>
			<font>primal_16</font>
			<align>right</align>
			<aligny>center</aligny>
			<scroll>true</scroll>
			<textcolor>$VAR[ColorFontNormal]</textcolor>
			<shadowcolor>$VAR[ColorFontShadow]</shadowcolor>
			<label>($INFO[Container(6).NumItems]) $LOCALIZE[31025] - $LOCALIZE[31024] ($INFO[Container(6).CurrentPage]/$INFO[Container(6).NumPages])</label>
			<visible>Control.IsVisible(3)</visible>
		</control>
		<control type="label">
			<description>number of files/pages in list text label</description>
			<left>970</left>
			<top>680</top>
			<width>450</width>
			<height>52</height>
			<font>primal_16</font>
			<align>right</align>
			<aligny>center</aligny>
			<scroll>true</scroll>
			<textcolor>$VAR[ColorFontNormal]</textcolor>
			<shadowcolor>$VAR[ColorFontShadow]</shadowcolor>
			<label>($INFO[Container(6).NumItems]) $LOCALIZE[31025] - $LOCALIZE[31024] ($INFO[Container(6).CurrentPage]/$INFO[Container(6).NumPages])</label>
			<visible>Control.IsVisible(6)</visible>
		</control>
		<control type="grouplist" id="90">
			<left>50</left>
			<top>680</top>
			<onleft>3</onleft>
			<onright>3</onright>
			<orientation>horizontal</orientation>
			<control type="button" id="5">
				<description>Manual button</description>
				<width>150</width>
				<height>60</height>
				<label>186</label>
				<align>center</align>
			</control>
			<control type="button" id="7">
				<description>Cancel button</description>
				<width>150</width>
				<height>60</height>
				<label>186</label>
				<align>center</align>
			</control>
		</control>
	</controls>
</window>