﻿<?xml version="1.0" encoding="UTF-8"?>
<window id="3">
	<defaultcontrol>20</defaultcontrol>
	<allowoverlay>no</allowoverlay>
	<controls>
		<include>CommonHomeBack</include>
		<include>CommonPageCount</include>
		<include>CommonPageCountView</include>
		<include>BigInfosTime</include>
		<include>BigInfosDatabaseCount</include>
		<include>BigInfosWeather</include>
		<include>CommonHomeButton</include>
		<include>HomePlaying</include>
		<include>KM_SideBladeForViews_forFilemanager</include>
		
		<control type="group">
			<top>150</top>
			<animation effect="slide" start="-930,0" end="0,0" time="400" tween="quadratic" easing="out">WindowOpen</animation>
			<animation effect="slide" start="0,0" end="-930,0" time="400" tween="quadratic" easing="out">WindowClose</animation>
			<control type="image">
				<left>30</left>
				<top>0</top>
				<width>930</width>
				<height>910</height>
				<texture background="true">skin/button_klein.png</texture>
				<bordertexture border="10">ThumbShadow2.png</bordertexture>
				<bordersize>7</bordersize>
				<colordiffuse>$VAR[ColorButtonDialogeBack]</colordiffuse>
			</control>
			<control type="image">
				<left>50</left>
				<top>20</top>
				<width>40</width>
				<height>40</height>
				<aspectratio>keep</aspectratio>
				<texture>home/homeicons/data.png</texture>
				<colordiffuse>$VAR[ColorFontSelected]</colordiffuse>
			</control>
			<control type="label">
				<left>100</left>
				<top>25</top>
				<label>$LOCALIZE[7]</label>
				<textcolor>$VAR[ColorFontSelected]</textcolor>
				<shadowcolor>$VAR[ColorFontShadow]</shadowcolor>
			</control>
			<control type="image">
				<left>750</left>
				<top>45</top>
				<width>120</width>
				<height>120</height>
				<aspectratio>keep</aspectratio>
				<info>Container(20).ListItem.Icon</info>
			</control>
			<control type="label">
				<description>header label</description>
				<left>60</left>
				<top>135</top>
				<width>855</width>
				<height>45</height>
				<font>primal_24</font>
				<label>49980</label>
				<align>left</align>
				<aligny>center</aligny>
				<textcolor>$VAR[ColorFontSelected]</textcolor>
				<shadowcolor>$VAR[ColorFontShadow]</shadowcolor>
			</control>
			<control type="label" id="101">
				<description>current directory text label</description>
				<left>108</left>
				<top>135</top>
				<width>600</width>
				<height>45</height>
				<font>primal_24</font>
				<textcolor>$VAR[ColorFontNormal]</textcolor>
				<shadowcolor>$VAR[ColorFontShadow]</shadowcolor>
				<scroll>true</scroll>
				<align>left</align>
				<aligny>center</aligny>
			</control>
			<control type="label">
				<description>number of files/pages in left list text label</description>
				<left>60</left>
				<top>1020</top>
				<width>855</width>
				<font>font12</font>
				<align>left</align>
				<scroll>true</scroll>
				<textcolor>$VAR[ColorFontSelected]</textcolor>
				<shadowcolor>$VAR[ColorFontShadow]</shadowcolor>
				<label>($INFO[Container(20).NumItems]) $LOCALIZE[31025] - $LOCALIZE[31024] ($INFO[Container(20).CurrentPage]/$INFO[Container(20).NumPages])</label>
			</control>
			<control type="scrollbar" id="300">
				<left>15</left>
				<top>210</top>
				<width>8</width>
				<height>695</height>
				<texturesliderbackground>button/ScrollBarV.png</texturesliderbackground>
				<texturesliderbar colordiffuse="$VAR[BackColorFront]">button/ScrollBarV_bar.png</texturesliderbar>
				<texturesliderbarfocus colordiffuse="$VAR[BackColorButton]">button/ScrollBarV_bar_focus.png</texturesliderbarfocus>
				<textureslidernib>button/ScrollBarNib.png</textureslidernib>
				<textureslidernibfocus>button/ScrollBarNib.png</textureslidernibfocus>
				<onleft>31</onleft>
				<onright>20</onright>
				<ondown>20</ondown>
				<onup>20</onup>
				<showonepage>false</showonepage>
				<orientation>vertical</orientation>
			</control>
			<control type="list" id="20">
				<left>25</left>
				<top>210</top>
				<width>930</width>
				<height>680</height>
				<onleft>300</onleft>
				<onright>21</onright>
				<onup>20</onup>
				<ondown>20</ondown>
				<pagecontrol>30</pagecontrol>
				<scrolltime>200</scrolltime>
				<itemlayout height="76">
					<control type="image">
						<left>0</left>
						<top>0</top>
						<width>928</width>
						<height>1</height>
						<texture background="true">default/separator.png</texture>
					</control>
					<control type="label">
						<left>30</left>
						<top>0</top>
						<width>750</width>
						<height>50</height>
						<font>primal_20</font>
						<aligny>center</aligny>
						<textcolor>$VAR[ColorFontNormal]</textcolor>
						<shadowcolor>$VAR[ColorFontShadow]</shadowcolor>
						<selectedcolor>$VAR[ColorFontSelected]</selectedcolor>
						<align>left</align>
						<info>ListItem.Label</info>
					</control>
					<control type="label">
						<left>795</left>
						<top>8</top>
						<width>300</width>
						<height>36</height>
						<font>primal_20</font>
						<aligny>center</aligny>
						<textcolor>$VAR[ColorFontNormal]</textcolor>
						<shadowcolor>$VAR[ColorFontShadow]</shadowcolor>
						<selectedcolor>$VAR[ColorFontSelected]</selectedcolor>
						<align>right</align>
						<info>ListItem.Label2</info>
					</control>
				</itemlayout>
				<focusedlayout height="76">
					<control type="image">
						<left>0</left>
						<top>0</top>
						<width>928</width>
						<height>1</height>
						<texture background="true">default/separator.png</texture>
						<visible>!Control.HasFocus(20)</visible>
					</control>
					<control type="image">
						<left>11</left>
						<top>0</top>
						<width>918</width>
						<height>76</height>
						<texture background="true">skin/button_klein.png</texture>
						<colordiffuse>$VAR[BackColorButton]</colordiffuse>
						<visible>Control.HasFocus(20)</visible>
					</control>
					<control type="label">
						<left>30</left>
						<top>0</top>
						<width>750</width>
						<height>50</height>
						<font>primal_20</font>
						<aligny>center</aligny>
						<textcolor>$VAR[ColorFontNormal]</textcolor>
						<shadowcolor>$VAR[ColorFontShadow]</shadowcolor>
						<selectedcolor>$VAR[ColorFontSelected]</selectedcolor>
						<align>left</align>
						<info>ListItem.Label</info>
					</control>
					<control type="label">
						<left>795</left>
						<top>10</top>
						<width>300</width>
						<height>36</height>
						<font>primal_20</font>
						<aligny>center</aligny>
						<textcolor>$VAR[ColorFontNormal]</textcolor>
						<shadowcolor>$VAR[ColorFontShadow]</shadowcolor>
						<selectedcolor>$VAR[ColorFontSelected]</selectedcolor>
						<align>right</align>
						<info>ListItem.Label2</info>
					</control>
				</focusedlayout>
			</control>
		</control>
		<control type="group">
			<top>150</top>
			<animation effect="slide" start="930,0" end="0,0" time="400" tween="quadratic" easing="out">WindowOpen</animation>
			<animation effect="slide" start="0,0" end="930,0" time="400" tween="quadratic" easing="out">WindowClose</animation>
			<control type="image">
				<left>950r</left>
				<top>0</top>
				<width>916</width>
				<height>910</height>
				<texture background="true">skin/button_klein.png</texture>
				<bordertexture border="10">ThumbShadow2.png</bordertexture>
				<bordersize>7</bordersize>
				<colordiffuse>$VAR[ColorButtonDialogeBack]</colordiffuse>
			</control>
			<control type="image">
				<left>180r</left>
				<top>45</top>
				<width>120</width>
				<height>120</height>
				<aspectratio>keep</aspectratio>
				<info>Container(21).ListItem.Icon</info>
			</control>
			<control type="label">
				<description>header label</description>
				<left>915r</left>
				<top>135</top>
				<width>855</width>
				<height>45</height>
				<font>primal_24</font>
				<label>49981</label>
				<align>left</align>
				<aligny>center</aligny>
				<textcolor>$VAR[ColorFontSelected]</textcolor>
				<shadowcolor>$VAR[ColorFontShadow]</shadowcolor>
			</control>
			<control type="label" id="102">
				<description>current directory text label right</description>
				<left>863r</left>
				<top>135</top>
				<width>600</width>
				<height>45</height>
				<font>primal_24</font>
				<textcolor>$VAR[ColorFontNormal]</textcolor>
				<shadowcolor>$VAR[ColorFontShadow]</shadowcolor>
				<scroll>true</scroll>
				<align>left</align>
				<aligny>center</aligny>
			</control>
			<control type="label">
				<description>number of files/pages in left list text label</description>
				<left>600r</left>
				<top>1020</top>
				<width>855</width>
				<font>font12</font>
				<align>right</align>
				<scroll>true</scroll>
				<textcolor>$VAR[ColorFontSelected]</textcolor>
				<shadowcolor>$VAR[ColorFontShadow]</shadowcolor>
				<label>($INFO[Container(21).NumItems]) $LOCALIZE[31025] - $LOCALIZE[31024] ($INFO[Container(21).CurrentPage]/$INFO[Container(21).NumPages])</label>
			</control>
			<control type="scrollbar" id="310">
				<left>25r</left>
				<top>210</top>
				<width>8</width>
				<height>695</height>
				<texturesliderbackground>button/ScrollBarV.png</texturesliderbackground>
				<texturesliderbar colordiffuse="$VAR[BackColorFront]">button/ScrollBarV_bar.png</texturesliderbar>
				<texturesliderbarfocus colordiffuse="$VAR[BackColorButton]">button/ScrollBarV_bar_focus.png</texturesliderbarfocus>
				<textureslidernib>button/ScrollBarNib.png</textureslidernib>
				<textureslidernibfocus>button/ScrollBarNib.png</textureslidernibfocus>
				<onleft>21</onleft>
				<onright>30</onright>
				<ondown>21</ondown>
				<onup>21</onup>
				<showonepage>false</showonepage>
				<orientation>vertical</orientation>
			</control>
			<control type="list" id="21">
				<left>945r</left>
				<top>210</top>
				<width>905</width>
				<height>680</height>
				<onleft>20</onleft>
				<onright>310</onright>
				<onup>21</onup>
				<ondown>21</ondown>
				<pagecontrol>31</pagecontrol>
				<scrolltime>200</scrolltime>
				<itemlayout height="76">
					<control type="image">
						<left>0</left>
						<top>0</top>
						<width>928</width>
						<height>1</height>
						<texture background="true">default/separator.png</texture>
					</control>
					<control type="label">
						<left>30</left>
						<top>0</top>
						<width>750</width>
						<height>50</height>
						<font>primal_20</font>
						<aligny>center</aligny>
						<textcolor>$VAR[ColorFontNormal]</textcolor>
						<shadowcolor>$VAR[ColorFontShadow]</shadowcolor>
						<selectedcolor>$VAR[ColorFontSelected]</selectedcolor>
						<align>left</align>
						<info>ListItem.Label</info>
					</control>
					<control type="label">
						<left>795</left>
						<top>10</top>
						<width>300</width>
						<height>36</height>
						<font>primal_20</font>
						<aligny>center</aligny>
						<textcolor>$VAR[ColorFontNormal]</textcolor>
						<shadowcolor>$VAR[ColorFontShadow]</shadowcolor>
						<selectedcolor>$VAR[ColorFontSelected]</selectedcolor>
						<align>right</align>
						<info>ListItem.Label2</info>
					</control>
				</itemlayout>
				<focusedlayout height="76">
					<control type="image">
						<left>0</left>
						<top>0</top>
						<width>928</width>
						<height>1</height>
						<texture background="true">default/separator.png</texture>
						<visible>!Control.HasFocus(21)</visible>
					</control>
					<control type="image">
						<left>1</left>
						<top>0</top>
						<width>918</width>
						<height>76</height>
						<texture background="true">skin/button_klein.png</texture>
						<colordiffuse>$VAR[BackColorButton]</colordiffuse>
						<visible>Control.HasFocus(21)</visible>
					</control>
					<control type="label">
						<left>30</left>
						<top>0</top>
						<width>750</width>
						<height>50</height>
						<font>primal_20</font>
						<aligny>center</aligny>
						<textcolor>$VAR[ColorFontNormal]</textcolor>
						<shadowcolor>$VAR[ColorFontShadow]</shadowcolor>
						<selectedcolor>$VAR[ColorFontSelected]</selectedcolor>
						<align>left</align>
						<info>ListItem.Label</info>
					</control>
					<control type="label">
						<left>795</left>
						<top>8</top>
						<width>300</width>
						<height>36</height>
						<font>primal_20</font>
						<aligny>center</aligny>
						<textcolor>$VAR[ColorFontNormal]</textcolor>
						<shadowcolor>$VAR[ColorFontShadow]</shadowcolor>
						<selectedcolor>$VAR[ColorFontSelected]</selectedcolor>
						<align>right</align>
						<info>ListItem.Label2</info>
					</control>
				</focusedlayout>
			</control>
		</control>
	</controls>
</window>