﻿<?xml version="1.0" encoding="UTF-8"?>
<fonts>
	<fontset id="Default" unicode="true">
		<!-- Normal Fonts -->
		<font>
			<name>font10</name>
			<filename>Tangency.ttf</filename>
			<size>18</size>
		</font>
		<font>
			<name>font12</name>
			<filename>Tangency.ttf</filename>
			<size>24</size>
		</font>
		<font>
			<name>font12caps</name>
			<filename>Tangency.ttf</filename>
			<size>24</size>
		</font>
		<font>
			<name>font13</name>
			<filename>Tangency.ttf</filename>
			<size>30</size>
		</font>
		<font>
			<name>font30</name>
			<filename>Tangency.ttf</filename>
			<size>45</size>
		</font>
		<font>
			<name>fontContextMenu</name>
			<filename>Tangency.ttf</filename>
			<size>27</size>
		</font>
		<!-- primal fonts -->
		<font>
			<name>primal_8</name>
			<filename>Tangency.ttf</filename>
			<size>0</size>
		</font>
		<font>
			<name>primal_10</name>
			<filename>Tangency.ttf</filename>
			<size>16</size>
		</font>
		<font>
			<name>primal_12</name>
			<filename>Tangency.ttf</filename>
			<size>18</size>
		</font>
		<font>
			<name>primal_13</name>
			<filename>Tangency.ttf</filename>
			<size>20</size>
		</font>
		<font>
			<name>primal_14</name>
			<filename>Tangency.ttf</filename>
			<size>22</size>
		</font>
		<font>
			<name>primal_15</name>
			<filename>Tangency.ttf</filename>
			<size>24</size>
		</font>
		<font>
			<name>primal_16</name>
			<filename>Tangency.ttf</filename>
			<size>26</size>
		</font>
		<font>
			<name>primal_18</name>
			<filename>Tangency.ttf</filename>
			<size>28</size>
		</font>
		<font>
			<name>primal_20</name>
			<filename>Tangency.ttf</filename>
			<size>29</size>
		</font>
		<font>
			<name>primal_21</name>
			<filename>Tangency.ttf</filename>
			<size>30</size>
		</font>
		<font>
			<name>primal_22</name>
			<filename>Tangency.ttf</filename>
			<size>33</size>
		</font>
		<font>
			<name>primal_24</name>
			<filename>Tangency.ttf</filename>
			<size>36</size>
		</font>
		<font>
			<name>primal_26</name>
			<filename>Tangency.ttf</filename>
			<size>39</size>
		</font>
		<font>
			<name>primal_30</name>
			<filename>Tangency.ttf</filename>
			<size>45</size>
		</font>
		<font>
			<name>primal_35</name>
			<filename>Tangency.ttf</filename>
			<size>52</size>
		</font>
		<font>
			<name>primal_40</name>
			<filename>Tangency.ttf</filename>
			<size>60</size>
		</font>
		<font>
			<name>primal_50</name>
			<filename>Tangency.ttf</filename>
			<size>75</size>
		</font>
		<font>
			<name>primal_70</name>
			<filename>Tangency.ttf</filename>
			<size>105</size>
		</font>
		<font>
			<name>primal_12_Bold</name>
			<filename>Tangency.ttf</filename>
			<size>18</size>
			<style>bold</style>
		</font>
		<font>
			<name>primal_13_Bold</name>
			<filename>Tangency.ttf</filename>
			<size>22</size>
			<style>bold</style>
		</font>
		<font>
			<name>primal_15_Bold</name>
			<filename>Tangency.ttf</filename>
			<size>24</size>
			<style>bold</style>
		</font>
		<font>
			<name>primal_16_Bold</name>
			<filename>Tangency.ttf</filename>
			<size>26</size>
			<style>bold</style>
		</font>
		<font>
			<name>primal_18_Bold</name>
			<filename>Tangency.ttf</filename>
			<size>28</size>
			<style>bold</style>
		</font>
		<font>
			<name>primal_20_Bold</name>
			<filename>Tangency.ttf</filename>
			<size>30</size>
			<style>bold</style>
		</font>
		<font>
			<name>primal_22_Bold</name>
			<filename>Tangency.ttf</filename>
			<size>33</size>
			<style>bold</style>
		</font>
		<font>
			<name>primal_24_Bold</name>
			<filename>Tangency.ttf</filename>
			<size>36</size>
			<style>bold</style>
		</font>
		<font>
			<name>primal_28_Bold</name>
			<filename>Tangency.ttf</filename>
			<size>40</size>
			<style>bold</style>
		</font>
		<font>
			<name>primal_30_Bold</name>
			<filename>Tangency.ttf</filename>
			<size>45</size>
			<style>bold</style>
		</font>
		<font>
			<name>primal_40_Bold</name>
			<filename>Tangency.ttf</filename>
			<size>60</size>
			<style>bold</style>
		</font>
		<font>
			<name>primal_50_Bold</name>
			<filename>Tangency.ttf</filename>
			<size>75</size>
			<style>bold</style>
		</font>
		<!-- Fonts Regular Title-->
		<font>
			<name>primal_11_Title</name>
			<filename>Title.ttf</filename>
			<size>15</size>
		</font>
		<font>
			<name>primal_12_Title</name>
			<filename>Title.ttf</filename>
			<size>18</size>
		</font>
		<font>
			<name>primal_13_Title</name>
			<filename>Title.ttf</filename>
			<size>20</size>
		</font>
		<font>
			<name>primal_15_Title</name>
			<filename>Title.ttf</filename>
			<size>22</size>
		</font>
		<font>
			<name>primal_16_Title</name>
			<filename>Title.ttf</filename>
			<size>24</size>
		</font>
		<font>
			<name>primal_18_Title</name>
			<filename>Title.ttf</filename>
			<size>27</size>
		</font>
		<font>
			<name>primal_20_Title</name>
			<filename>Title.ttf</filename>
			<size>30</size>
		</font>
		<font>
			<name>primal_22_Title</name>
			<filename>Title.ttf</filename>
			<size>33</size>
		</font>
		<font>
			<name>primal_24_Title</name>
			<filename>Title.ttf</filename>
			<size>36</size>
		</font>
		<font>
			<name>primal_30_Title</name>
			<filename>Title.ttf</filename>
			<size>45</size>
		</font>
		<font>
			<name>primal_40_Title</name>
			<filename>Title.ttf</filename>
			<size>40</size>
		</font>
		<font>
			<name>primal_50_Title</name>
			<filename>Title.ttf</filename>
			<size>50</size>
		</font>
		<font>
			<name>primal_60_Title</name>
			<filename>Title.ttf</filename>
			<size>60</size>
		</font>
		<font>
			<name>primal_70_Title</name>
			<filename>Title.ttf</filename>
			<size>67</size>
		</font>
		<font>
			<name>primal_80_Title</name>
			<filename>Title.ttf</filename>
			<size>86</size>
		</font>
		<!-- Title Fonts -->
		<font>
			<name>font10_title</name>
			<filename>Tangency.ttf</filename>
			<size>18</size>
		</font>
		<font>
			<name>font12_title</name>
			<filename>Tangency.ttf</filename>
			<size>24</size>
		</font>
		<font>
			<name>font13_title</name>
			<filename>Tangency.ttf</filename>
			<size>30</size>
		</font>
		<font>
			<name>font24_title</name>
			<filename>Tangency.ttf</filename>
			<size>36</size>
		</font>
		<font>
			<name>font28_title</name>
			<filename>Tangency.ttf</filename>
			<size>42</size>
		</font>
		<font>
			<name>font30_title</name>
			<filename>Tangency.ttf</filename>
			<size>45</size>
		</font>
		<font>
			<name>font35_title</name>
			<filename>Tangency.ttf</filename>
			<size>52</size>
		</font>
		<font>
			<name>font50caps_title</name>
			<filename>Tangency.ttf</filename>
			<size>75</size>
		</font>
		<font>
			<name>WeatherTemp</name>
			<filename>Tangency.ttf</filename>
			<size>120</size>
		</font>
	</fontset>
</fonts>